OBJECTID,OBJECTID_12_13,DEPCODE,COUNTY,COUNTYNAME,County_1,State,PUIsTotal,Age_0_4,Age_5_14,Age_15_24,Age_25_34,Age_35_44,Age_45_54,Age_55_64,Age_65_74,Age_75_84,Age_85plus,Age_Unkn,PUIAgeRange,PUIAgeMedian,PUIFemale,PUIMale,PUISexUnkn,PUIFLRes,PUINotFLRes,PUIFLResOut,PUIContNo,PUIContUnkn,PUIAgeAvrg,PUITravelNo,PUITravelYes,TPositive,TNegative,TInconc,TPending,T_Total_Res,T_LabPrivate_Res,T_LabDOH_Res,T_LabPrivate_NonRes,T_LabDOH_NonRes,C_Female,C_Male,C_SexUnkn,C_AllResTypes,C_Age_0_4,C_Age_5_14,C_Age_15_24,C_Age_25_34,C_Age_35_44,C_Age_45_54,C_Age_55_64,C_Age_65_74,C_Age_75_84,C_Age_85plus,C_Age_Unkn,C_AgeRange,C_AgeMedian,C_RaceWhite,C_RaceBlack,C_RaceOther,C_RaceUnknown,C_HispanicYES,C_HispanicNO,C_HispanicUnk,C_EDYes_Res,C_EDYes_NonRes,C_HospYes_Res,C_HospYes_NonRes,C_NonResDeaths,C_FLResDeaths,CasesAll,C_Men,C_Women,C_FLRes,C_NotFLRes,C_FLResOut,T_NegRes,T_NegNotFLRes,T_total,T_negative,T_positive,Deaths,EverMon,MonNow,Shape__Area,Shape__Length,Chart_MedAge
1,1,21,041,GILCHRIST,Gilchrist,FL,443,8,7,40,58,55,63,67,61,54,30,0,0 to 118,53,280,154,9,443,0,0,3,435,2,14,1,7,436,0,0,443,6,1,0,0,4,3,0,7,0,0,0,1,1,2,2,1,0,0,0,25 to 73,52,6,1,0,0,0,7,0,1,0,0,0,0,0,7,3,4,7,0,0,436,0,443,436,7,0,18,1,920490830.042053,148547.348006441,50
2,2,54,107,PUTNAM,Putnam,FL,2550,53,77,231,358,323,403,395,320,242,138,10,0 to 118,50,1642,862,46,2545,5,0,71,2328,133,204,17,128,2416,4,2,2539,84,44,0,0,77,51,0,128,0,11,13,16,19,19,11,18,14,7,0,6 to 98,47,73,51,4,0,4,121,3,28,0,15,0,0,3,128,51,77,128,0,0,2411,5,2548,2416,128,3,93,28,2142439482.67719,232574.925675008,42
3,3,62,123,TAYLOR,Taylor,FL,365,24,12,14,42,46,50,62,67,33,13,2,0 to 118,54,189,152,24,364,1,0,14,332,3,65,3,3,362,0,0,364,3,0,0,0,3,0,0,3,0,0,0,1,0,1,1,0,0,0,0,29 to 60,47,3,0,0,0,0,3,0,0,0,0,0,0,0,3,0,3,3,0,0,361,1,365,362,3,0,19,2,2685252568.13834,267348.178950349,47
4,4,46,091,OKALOOSA,Okaloosa,FL,3487,112,88,281,560,563,496,565,405,245,137,35,0 to 119,47,2097,1354,36,3356,130,1,97,3172,137,183,62,177,3309,1,0,3356,92,78,3,4,90,80,0,170,3,4,6,23,23,22,36,28,21,11,0,0 to 96,56,133,27,8,2,29,139,2,49,1,30,0,0,5,177,84,93,169,7,1,3186,123,3487,3309,177,5,437,115,2369222670.29688,330553.160278386,58
5,5,7,013,CALHOUN,Calhoun,FL,343,1,3,30,32,53,43,60,51,46,23,1,0 to 99,56,204,121,18,343,0,0,3,296,4,28,3,38,304,1,0,342,23,15,0,0,31,7,0,38,0,0,4,3,4,1,2,6,8,10,0,20 to 99,74,24,7,1,6,0,30,8,10,0,4,0,0,1,38,7,31,38,0,0,304,0,343,304,38,1,65,20,1487626835.10838,192207.890331272,52
6,6,50,099,PALM BEACH,Palm Beach,FL,48850,658,856,3162,5636,5854,7077,8710,7575,5118,2619,1585,0 to 115,55,27200,21429,221,48278,570,2,890,46307,465,2931,212,4440,44079,227,104,47953,4230,127,77,6,2123,2230,4,4357,25,60,384,636,644,665,674,570,476,303,3,0 to 104,52,2068,818,537,934,1160,2172,1025,1065,27,809,17,11,275,4440,2276,2160,4355,83,2,43596,483,48746,44079,4440,275,707,444,5710098601.29486,464192.459734082,55
7,7,56,111,ST. LUCIE,St. Lucie,FL,6041,109,124,364,672,715,934,1102,1081,678,248,14,0 to 102,55,3451,2413,177,5940,101,0,258,5400,188,584,64,316,5649,6,70,5864,289,18,9,0,174,133,0,307,2,4,21,33,46,49,50,50,37,24,0,3 to 97,56,176,72,31,28,52,219,36,115,0,83,0,0,27,316,136,180,307,9,0,5557,92,5971,5649,316,27,73,58,1499679486.67142,252832.323289834,58
8,8,51,101,PASCO,Pasco,FL,9531,161,218,630,1141,1362,1590,1703,1453,877,377,19,0 to 119,52,5658,3841,32,9476,55,0,137,9098,223,414,92,314,9194,6,17,9453,261,43,9,1,158,146,0,304,6,7,25,36,62,63,42,46,15,12,0,1 to 94,49,200,36,40,28,63,208,33,80,4,62,3,1,9,314,152,162,304,10,0,9149,45,9514,9194,314,9,561,136,1975344274.45807,225211.500752162,48
9,9,20,039,GADSDEN,Gadsden,FL,1195,26,40,96,161,190,225,197,169,64,25,2,0 to 98,49,749,433,13,1189,5,1,13,1048,46,170,12,212,979,2,2,1186,201,7,4,0,155,53,0,208,1,2,10,39,52,44,26,21,11,6,0,4 to 98,45,57,93,8,50,12,133,63,37,0,35,0,0,1,212,53,159,207,4,1,978,1,1193,979,212,1,206,92,1367889846.39806,205127.330650714,45
10,10,37,073,LEON,Leon,FL,8613,131,183,924,1535,1386,1427,1433,1071,362,131,30,0 to 116,45,4136,4349,128,8489,123,1,104,8194,201,285,67,276,8320,3,14,8473,250,10,15,1,141,119,0,260,1,3,44,56,44,44,52,24,5,3,0,2 to 87,43,101,132,8,19,16,223,21,68,9,33,9,5,6,276,129,147,259,16,1,8213,107,8599,8320,276,6,470,188,1817477697.41779,246081.909627491,43
11,11,33,065,JEFFERSON,Jefferson,FL,306,8,6,12,24,50,56,61,45,30,13,1,0 to 96,54,179,122,5,302,4,0,5,237,41,59,6,28,278,0,0,302,6,20,2,0,13,13,0,26,0,0,1,1,1,3,7,7,4,4,0,22 to 95,66,11,11,4,0,3,22,1,4,2,7,0,0,2,28,15,13,26,2,0,276,2,306,278,28,2,43,4,1581350101.5302,228391.565390175,66
12,12,40,079,MADISON,Madison,FL,604,37,28,55,59,76,75,77,95,60,35,7,0 to 99,50,381,216,7,582,22,0,20,491,53,206,7,62,540,1,1,580,19,39,4,0,34,24,0,58,2,0,6,4,7,8,13,10,4,8,0,0 to 98,57,17,35,3,3,1,46,11,8,0,4,0,1,3,62,25,37,58,4,0,522,18,603,540,62,3,94,18,1853116752.08771,219176.19751538,56
13,13,39,077,LIBERTY,Liberty,FL,2110,3,4,144,677,545,382,246,76,22,3,8,0 to 92,38,105,1997,8,2110,0,0,1,2066,1,41,0,199,1911,0,0,2110,196,3,0,0,5,194,0,199,0,0,11,52,51,48,33,4,0,0,0,20 to 73,41,108,85,4,2,6,124,69,4,0,0,0,0,0,199,194,5,199,0,0,1911,0,2110,1911,199,0,19,6,2183538740.41838,308797.501184753,49
14,14,24,047,HAMILTON,Hamilton,FL,1271,9,6,97,353,254,206,160,100,49,33,4,0 to 118,41,254,989,28,1267,4,0,19,1225,9,151,4,144,1127,0,0,1267,138,5,0,1,8,135,0,143,0,0,5,44,35,28,25,4,2,0,1,20 to 84,41,68,65,10,0,5,26,112,3,1,0,0,0,0,144,135,9,143,1,0,1124,3,1271,1127,144,0,4,2,1344926537.82205,232510.619937192,50
15,15,3,005,BAY,Bay,FL,2041,24,25,137,251,287,376,372,268,163,90,48,0 to 101,52,1089,898,54,2036,5,0,42,1955,28,88,32,83,1956,2,0,2034,64,18,1,0,34,48,0,82,2,1,3,13,13,22,13,11,4,1,0,2 to 93,49,63,11,4,4,18,57,7,26,1,12,1,1,3,83,49,34,82,1,0,1952,4,2041,1956,83,3,35,28,1930770661.49939,558412.990825665,50
16,16,12,023,COLUMBIA,Columbia,FL,1967,56,65,132,231,257,253,406,327,160,75,5,0 to 118,54,992,884,91,1954,13,0,151,1708,63,205,16,108,1854,0,5,1950,81,26,1,0,47,60,0,107,2,2,9,21,18,23,21,9,2,1,0,0 to 91,45,62,40,4,1,9,95,3,5,0,10,0,0,2,108,61,47,107,1,0,1843,11,1962,1854,108,2,8,6,2068684690.43686,276060.430857214,46
17,17,2,003,BAKER,Baker,FL,617,18,11,64,90,78,107,103,69,46,29,2,0 to 99,49,341,252,24,612,5,0,21,576,16,59,3,26,591,0,0,612,9,17,0,0,18,8,0,26,0,0,2,2,3,1,5,5,5,3,0,23 to 97,65,19,6,1,0,0,25,1,7,0,9,0,0,3,26,8,18,26,0,0,586,5,617,591,26,3,3,2,1520245937.66486,183737.354704368,70
18,18,30,059,HOLMES,Holmes,FL,565,11,8,35,64,60,95,105,116,55,16,0,0 to 92,56,325,222,18,559,6,0,1,559,5,11,1,10,555,0,0,559,4,6,0,0,4,6,0,10,1,0,0,2,3,2,1,1,0,0,0,1 to 73,42,7,1,1,1,0,9,1,2,0,0,0,0,0,10,6,4,10,0,0,549,6,565,555,10,0,5,4,1251550190.83949,175658.620344926,44
19,19,43,085,MARTIN,Martin,FL,2948,59,49,195,300,356,413,582,503,335,143,13,0 to 99,56,1573,1281,94,2917,31,0,108,2673,82,245,64,296,2643,2,7,2909,275,11,10,0,131,155,0,286,5,6,31,39,41,51,54,25,35,9,0,2 to 92,50,179,6,58,43,119,127,40,93,2,56,1,1,6,296,162,134,286,10,0,2623,20,2941,2643,296,6,62,51,1686613017.08661,308980.48751506,55
20,20,29,057,HILLSBOROUGH,Hillsborough,FL,36447,830,881,2940,5515,5420,5806,6378,4983,2527,1107,60,0 to 119,49,21009,15307,131,36140,307,0,484,35175,458,1080,292,1585,34797,44,21,36076,1432,99,51,3,813,718,0,1531,17,33,147,255,248,262,246,180,124,73,0,0 to 104,48,753,293,304,181,411,873,247,376,10,322,7,3,51,1585,744,841,1531,54,0,34545,252,36426,34797,1585,51,671,324,2746844886.16013,358788.307034344,45
21,21,41,081,MANATEE,Manatee,FL,9657,179,201,508,907,1002,1307,1837,1955,1216,445,100,0 to 102,58,5515,3829,313,9593,64,0,420,8853,177,789,36,834,8818,5,0,9588,773,57,4,0,489,341,0,830,6,25,38,85,105,128,129,130,124,64,0,1 to 101,56,528,167,64,71,154,566,110,123,2,193,2,1,81,834,343,491,830,4,0,8758,60,9657,8818,834,81,184,92,1945653927.12581,371198.171414394,57
22,22,10,019,CLAY,Clay,FL,5680,81,125,443,706,863,990,987,831,449,186,19,0 to 101,51,3270,2294,116,5670,10,0,81,5351,130,360,41,313,5364,2,1,5667,274,37,2,0,185,126,0,311,0,2,16,26,38,51,55,62,39,24,0,6 to 95,59,183,61,20,47,23,236,52,106,0,83,0,0,25,313,127,186,311,2,0,5356,8,5679,5364,313,25,169,140,1667659896.51059,183856.484298748,59
23,23,25,049,HARDEE,Hardee,FL,358,10,14,36,64,36,59,56,52,19,12,0,0 to 94,48,213,137,8,354,4,0,15,281,2,41,3,39,319,0,0,354,23,14,2,0,24,13,0,37,0,4,5,9,3,7,4,6,1,0,0,10 to 83,37,17,17,3,0,9,28,0,10,2,6,2,0,0,39,14,25,37,2,0,317,2,358,319,39,0,44,17,1653184151.65315,165534.73009074,50
24,24,42,083,MARION,Marion,FL,7848,96,117,507,908,943,1174,1433,1422,877,359,12,0 to 168,56,4721,3087,40,7824,24,0,1281,6277,177,933,121,220,7037,1,590,7233,194,21,4,1,121,94,0,215,4,2,14,31,39,40,43,27,13,7,0,0 to 97,50,161,34,13,7,36,172,7,42,3,31,0,0,5,220,95,125,215,5,0,7018,19,7258,7037,220,5,257,114,4305055841.62241,350920.190673371,51
25,25,64,127,VOLUSIA,Volusia,FL,13939,117,204,695,1497,1561,2118,2923,2629,1405,635,155,0 to 117,57,7544,5662,733,13873,66,0,166,13313,230,560,130,591,13338,9,1,13863,473,105,12,1,243,335,0,578,2,7,30,83,72,111,102,108,40,36,0,0 to 102,54,348,120,96,14,85,461,32,158,5,114,4,0,30,591,340,251,578,13,0,13285,53,13938,13338,591,30,564,206,3125661534.15881,560414.737839251,53
26,26,15,029,DIXIE,Dixie,FL,379,14,9,30,46,61,53,65,58,31,11,1,0 to 118,50,218,157,4,379,0,0,10,343,6,23,0,22,357,0,0,379,15,7,0,0,14,8,0,22,0,0,2,0,7,2,6,1,3,1,0,21 to 86,54,14,5,0,3,0,16,6,6,0,3,0,0,0,22,8,14,22,0,0,357,0,379,357,22,0,47,4,1823798262.39212,235232.973119088,46
27,27,35,069,LAKE,Lake,FL,10653,155,178,541,980,1108,1415,1777,1985,1349,382,783,0 to 101,58,5475,4211,967,10569,84,0,101,10250,222,276,85,250,10387,7,9,10553,222,16,12,0,122,116,0,238,1,8,15,28,34,46,39,43,34,2,0,1 to 86,52,120,34,73,11,69,155,14,104,10,63,4,1,14,250,123,127,238,12,0,10315,72,10644,10387,250,14,314,82,2995995460.71371,331014.242454318,52
28,28,38,075,LEVY,Levy,FL,1014,16,22,90,129,117,144,170,161,104,60,1,0 to 118,54,635,368,11,1014,0,0,16,902,16,166,2,24,990,0,0,1014,21,3,0,0,18,6,0,24,0,0,2,3,5,3,6,1,1,3,0,16 to 99,50,15,5,1,3,3,18,3,6,0,2,0,0,0,24,6,18,24,0,0,990,0,1014,990,24,0,58,9,2900663690.96646,339394.964008615,53
29,29,60,119,SUMTER,Sumter,FL,2846,18,19,67,127,131,223,392,1101,633,83,52,0 to 118,69,1383,1303,160,2836,10,0,102,2503,164,261,52,251,2571,0,24,2812,200,48,2,1,69,179,0,248,0,0,6,6,29,40,38,87,37,8,0,17 to 97,65,205,33,5,5,14,228,6,58,0,44,0,0,16,251,181,70,248,3,0,2564,7,2822,2571,251,16,50,38,1502516062.89801,229328.389599522,66
30,30,59,117,SEMINOLE,Seminole,FL,11699,166,286,867,1545,1661,1887,1963,1732,760,336,496,0 to 118,50,6738,4880,81,11682,17,0,210,11163,246,412,91,431,11254,12,2,11668,380,45,6,0,231,194,0,425,6,8,42,76,62,77,55,62,25,18,0,0 to 100,47,311,61,51,2,156,265,4,173,5,100,1,0,12,431,196,235,425,6,0,11243,11,11697,11254,431,12,396,155,893350621.597626,158549.770327082,47
31,31,48,095,ORANGE,Orange,FL,42502,801,1010,3265,6320,6696,7186,7106,4826,2173,766,2353,0 to 120,47,23639,18672,191,41789,712,1,540,41010,585,1243,345,1629,40815,40,18,41732,1457,100,68,4,752,802,3,1557,21,32,170,281,294,337,260,129,71,29,5,0 to 101,45,726,236,575,20,756,766,35,552,39,289,34,5,38,1629,845,781,1556,72,1,40175,640,42484,40815,1629,38,606,408,2601855780.29929,275135.911496092,45
32,32,9,017,CITRUS,Citrus,FL,2415,26,40,126,250,239,316,445,530,321,117,5,0 to 98,59,1311,907,197,2410,5,0,45,2217,119,189,24,110,2302,2,1,2408,51,59,0,0,53,57,0,110,2,4,8,8,6,17,27,18,12,8,0,0 to 93,58,77,1,8,24,13,74,23,28,0,28,0,0,11,110,57,53,110,0,0,2298,4,2414,2302,110,11,455,152,1565249379.23035,242867.273750112,58
33,33,27,053,HERNANDO,Hernando,FL,2450,48,45,176,334,334,404,437,356,229,84,3,0 to 100,52,1453,985,12,2432,18,0,58,2309,66,140,39,108,2342,0,0,2432,56,46,5,1,50,52,0,102,1,6,6,24,13,14,21,15,7,1,0,1 to 85,47,84,14,2,2,23,76,3,33,2,21,2,1,5,108,54,54,102,6,0,2330,12,2450,2342,108,5,49,26,1259956856.20596,200494.167365377,49
34,34,52,103,PINELLAS,Pinellas,FL,24609,266,264,1407,2859,2913,3677,4802,4243,2599,1518,61,0 to 120,57,14480,10063,66,24388,221,0,1212,22664,411,2245,345,1008,23414,12,175,24202,867,97,38,6,540,424,0,964,2,9,63,125,105,154,179,150,116,105,0,0 to 101,57,725,136,58,45,79,802,83,283,18,286,16,1,67,1008,451,557,964,44,0,23238,176,24434,23414,1008,67,317,225,758940582.722305,356104.408630079,56
35,35,61,121,SUWANNEE,Suwannee,FL,1490,35,25,102,183,170,168,231,214,166,187,9,0 to 118,57,972,440,78,1489,1,0,55,1286,110,465,6,153,1337,0,0,1489,57,95,1,0,106,46,0,152,0,3,14,14,19,18,17,20,28,20,0,5 to 102,62,102,40,1,9,8,133,11,28,1,35,0,0,18,153,46,107,152,1,0,1337,0,1490,1337,153,18,6,4,1792465815.52835,223150.095858967,63
36,36,16,031,DUVAL,Duval,FL,37159,539,750,3375,5958,5533,5879,6732,4787,2378,1127,101,0 to 119,49,20360,15996,803,36787,372,0,485,35731,454,1178,170,1259,35807,14,79,36695,1087,124,38,10,647,564,0,1211,13,24,118,198,202,189,226,157,81,51,0,0 to 101,49,559,479,100,73,131,976,104,274,13,213,8,1,34,1259,587,669,1211,48,0,35484,323,37080,35807,1259,34,791,703,2136692125.83844,339628.979868484,50
37,37,34,067,LAFAYETTE,Lafayette,FL,122,4,0,13,16,21,14,12,19,12,11,0,0 to 118,48,64,54,4,122,0,0,10,111,0,12,0,6,116,0,0,122,5,1,0,0,2,4,0,6,0,0,2,1,0,1,1,0,0,1,0,19 to 98,37,6,0,0,0,1,5,0,1,0,1,0,0,0,6,4,2,6,0,0,116,0,122,116,6,0,0,0,1417838543.00769,193229.836834708,47
38,38,23,045,GULF,Gulf,FL,313,6,4,11,25,28,54,64,72,39,10,0,1 to 91,59,172,140,1,294,19,0,14,298,1,41,7,1,312,0,0,294,1,0,0,0,1,0,0,1,0,0,0,0,1,0,0,0,0,0,0,42 to 42,42,1,0,0,0,0,1,0,1,0,0,0,0,0,1,0,1,1,0,0,293,19,313,312,1,0,5,1,1469866107.27026,258929.917930346,42
39,39,63,125,UNION,Union,FL,490,7,8,36,51,82,71,123,76,30,6,0,0 to 118,54,214,270,6,490,0,0,13,466,4,44,4,20,470,0,0,490,18,2,0,0,3,17,0,20,0,0,0,2,0,2,10,5,1,0,0,25 to 76,60,15,3,2,0,0,16,4,1,0,1,0,0,0,20,17,3,20,0,0,470,0,490,470,20,0,10,8,646977045.561768,128178.538552252,55
40,40,4,007,BRADFORD,Bradford,FL,1116,14,14,97,146,135,173,206,126,114,87,4,0 to 118,53,702,398,16,1116,0,0,27,1047,34,143,1,49,1066,0,1,1115,10,39,0,0,41,8,0,49,0,2,3,2,6,4,3,6,12,11,0,8 to 107,73,45,4,0,0,0,49,0,4,0,10,0,0,2,49,8,41,49,0,0,1066,0,1115,1066,49,2,112,80,776744615.959412,167178.838252791,74
41,41,65,129,WAKULLA,Wakulla,FL,756,8,19,55,94,113,129,142,111,53,31,1,0 to 102,51,441,311,4,753,3,0,10,717,13,174,2,31,725,0,0,753,17,12,2,0,20,9,0,29,0,0,4,5,3,9,5,3,1,1,0,19 to 86,47,14,13,2,0,0,29,0,6,0,5,0,0,1,31,9,22,29,2,0,724,1,756,725,31,1,65,26,1579533632.64177,279225.038340218,43
42,42,5,009,BREVARD,Brevard,FL,13956,192,235,734,1364,1545,1967,3146,2832,1480,378,83,0 to 119,58,8056,5810,90,13943,13,0,134,13667,107,328,70,359,13592,4,1,13938,309,39,9,2,183,165,0,348,2,6,30,40,46,56,77,47,33,22,0,1 to 99,54,254,56,16,22,51,274,23,86,2,51,2,0,10,359,168,191,348,11,0,13590,2,13955,13592,359,10,214,156,2687643838.87906,793218.333609179,53
43,43,53,105,POLK,Polk,FL,12639,293,270,904,1675,1674,1899,2048,1907,1254,554,161,0 to 119,52,7389,5072,178,12582,57,0,284,11700,231,759,124,722,11909,4,4,12574,571,141,9,1,437,275,0,712,2,7,54,102,102,105,109,91,80,70,0,3 to 102,53,411,160,90,51,177,457,78,302,6,229,2,0,41,722,278,444,712,10,0,11862,47,12635,11909,722,41,568,264,5206715917.89822,388118.956177661,56
44,44,49,097,OSCEOLA,Osceola,FL,9448,114,262,651,1384,1474,1651,1628,1154,578,210,342,0 to 109,49,5265,4118,65,9383,65,0,343,8513,390,645,184,616,8774,13,45,9326,539,34,41,2,295,278,0,573,5,12,42,97,92,118,108,79,48,15,0,0 to 102,49,292,51,227,3,341,200,32,219,6,144,6,2,17,616,311,304,573,43,0,8753,21,9403,8774,616,17,450,77,3899316052.50861,350452.549474464,50
45,45,28,055,HIGHLANDS,Highlands,FL,2244,37,28,99,241,220,273,370,450,372,146,8,0 to 100,61,1337,880,27,2191,53,0,37,2134,47,95,16,104,2133,1,6,2184,84,19,1,0,52,51,0,103,1,3,6,12,12,13,27,14,15,1,0,0 to 85,56,58,24,19,2,33,62,8,43,1,34,1,0,8,104,52,52,103,1,0,2081,52,2238,2133,104,8,108,30,2866885704.30579,296636.719911829,56
46,46,36,071,LEE,Lee,FL,17322,188,209,1121,2092,2271,2629,3052,2921,1933,856,50,0 to 119,55,10159,6968,195,16814,507,1,387,15700,613,1347,157,1401,15911,4,6,16805,1222,131,43,5,719,634,0,1353,10,10,88,160,196,236,225,193,145,138,0,0 to 101,55,860,227,35,231,301,810,242,465,14,337,13,4,79,1401,661,740,1352,48,1,15452,459,17316,15911,1401,79,1602,333,2112333669.17714,583283.842331616,54
47,47,11,021,COLLIER,Collier,FL,9199,185,278,683,1063,1168,1348,1465,1438,1135,433,3,0 to 105,54,5175,4004,20,8927,272,0,213,8235,356,875,140,923,8265,2,9,8916,654,198,55,16,444,408,0,852,16,28,85,112,108,138,148,110,117,61,0,0 to 101,53,609,56,66,121,355,369,128,200,18,146,9,3,37,923,449,474,852,71,0,8064,201,9190,8265,923,37,1060,477,5197102107.68439,580181.883282756,57
48,48,13,025,DADE,Dade,FL,123358,1107,1624,8938,19542,19770,22926,21474,14572,8270,4587,548,0 to 135,49,63948,58225,1185,122738,619,1,2828,113084,2785,10281,877,15366,107495,199,298,122243,14506,684,168,8,7447,7740,3,15190,64,147,1202,2548,2411,2905,2559,1695,1067,761,7,0 to 108,49,8138,2435,634,3983,7722,3288,4180,4105,43,2376,29,9,559,15366,7863,7500,15189,176,1,107053,442,123060,107495,15366,559,2130,1394,5114451079.58835,540836.793924443,49
49,49,44,087,MONROE,Monroe,FL,2016,20,31,103,203,281,331,453,349,172,72,1,0 to 101,55,1093,916,7,1961,55,0,551,1225,83,381,73,95,1875,0,46,1919,73,14,4,4,42,45,0,87,0,3,6,11,13,17,17,14,11,3,0,6 to 90,53,66,5,1,15,20,49,18,14,3,10,2,0,3,95,49,46,87,8,0,1832,43,1970,1875,95,3,264,76,2629619857.16548,1399292.97354894,49
50,50,57,113,SANTA ROSA,Santa Rosa,FL,4857,183,198,381,599,636,674,791,765,421,200,9,0 to 119,51,2814,2020,23,4848,9,0,60,4660,99,152,50,182,4672,2,1,4845,140,40,2,0,60,120,0,180,3,1,16,26,31,31,29,27,11,7,0,0 to 94,50,127,28,4,21,9,151,20,23,0,23,0,0,9,182,120,62,180,2,0,4665,7,4856,4672,182,9,535,58,2596863920.94926,364280.718031263,49
51,51,66,131,WALTON,Walton,FL,954,33,24,67,95,123,152,186,155,76,41,2,0 to 101,53,504,419,31,919,35,0,23,880,15,95,34,77,876,1,0,918,48,16,11,2,40,24,0,64,0,0,5,9,10,8,16,14,9,6,0,20 to 101,58,58,5,0,1,1,60,3,11,2,12,2,0,2,77,28,49,64,13,0,854,22,954,876,77,2,47,11,2708101782.46999,370154.781284707,49
52,52,32,063,JACKSON,Jackson,FL,1018,11,12,76,159,156,204,184,127,71,18,0,0 to 97,49,484,524,10,1006,12,0,18,868,19,66,20,126,891,1,0,1005,92,30,3,1,23,99,0,122,1,2,7,31,28,26,21,7,3,0,0,4 to 82,42,67,48,5,2,9,79,34,10,2,6,0,0,0,126,102,24,122,4,0,883,8,1018,891,126,0,115,75,2452499072.79567,223828.324060307,36
53,53,67,133,WASHINGTON,Washington,FL,396,5,5,18,41,48,71,86,64,44,14,0,1 to 103,55,231,146,19,394,2,0,29,350,9,39,9,13,383,0,0,394,7,6,0,0,6,7,0,13,0,0,0,3,1,3,6,0,0,0,0,25 to 62,54,12,0,0,1,0,12,1,0,0,1,0,0,1,13,7,6,13,0,0,381,2,396,383,13,1,46,13,1594396648.51196,243766.072259733,54
54,54,45,089,NASSAU,Nassau,FL,2230,27,35,167,246,290,322,416,358,245,124,0,0 to 103,55,1163,877,190,2149,81,0,28,2156,28,51,23,65,2165,0,0,2149,49,13,1,2,35,27,0,62,0,0,6,12,12,8,8,11,5,3,0,15 to 89,48,51,7,2,2,1,58,3,22,0,13,0,1,1,65,29,36,62,3,0,2087,78,2230,2165,65,1,37,31,1641620662.32831,388721.737801268,49
55,55,22,043,GLADES,Glades,FL,101,1,2,9,14,15,10,16,13,16,4,1,1 to 90,54,56,43,2,101,0,0,3,93,3,9,0,9,92,0,0,101,7,2,0,0,4,5,0,9,0,0,0,3,0,1,2,1,1,1,0,30 to 89,55,5,4,0,0,2,6,1,4,0,3,0,0,1,9,5,4,9,0,0,92,0,101,92,9,1,31,13,2551976411.00452,236757.936928168,61
56,56,8,015,CHARLOTTE,Charlotte,FL,3796,33,30,184,319,384,514,712,659,519,438,4,0 to 102,60,2269,1492,35,3779,17,0,113,3445,62,336,15,370,3419,1,6,3773,263,106,0,1,234,135,0,369,1,2,11,32,18,35,69,58,63,81,0,3 to 101,69,284,40,9,36,15,307,47,60,1,88,1,0,41,370,136,234,369,1,0,3404,15,3790,3419,370,41,79,58,1825525431.11919,398247.923422686,68
57,57,58,115,SARASOTA,Sarasota,FL,8314,111,93,420,769,829,1054,1476,1621,1249,665,27,0 to 115,60,4730,3472,112,8114,200,0,375,7654,190,747,85,498,7812,2,2,8110,429,53,10,6,285,197,0,482,2,1,20,40,52,57,68,90,97,71,0,0 to 104,66,394,31,31,26,45,385,52,170,10,145,7,1,58,498,207,291,482,16,0,7628,184,8312,7812,498,58,223,117,1509311882.53409,264158.506465067,64
58,58,14,027,DESOTO,Desoto,FL,1481,23,19,79,180,212,307,353,175,93,36,4,0 to 101,52,500,902,79,1473,8,0,8,1379,48,135,6,61,1414,0,6,1467,45,16,0,0,26,35,0,61,0,0,2,11,5,10,16,8,5,4,0,20 to 92,57,46,1,0,14,15,25,21,15,0,14,0,0,6,61,35,26,61,0,0,1406,8,1475,1414,61,6,68,46,1654926851.96404,168390.780925558,62
59,59,18,035,FLAGLER,Flagler,FL,2536,31,22,112,257,333,369,515,491,303,99,4,0 to 98,57,1464,1029,43,2511,25,0,52,2414,37,140,36,156,2374,6,0,2505,134,18,4,0,86,66,0,152,0,1,9,17,19,25,39,32,12,2,0,7 to 94,56,101,15,29,7,18,125,9,26,2,17,2,1,4,156,67,89,152,4,0,2353,21,2536,2374,156,4,58,29,1294754947.55994,220559.838719988,56
60,60,26,051,HENDRY,Hendry,FL,1161,27,28,118,179,177,179,181,105,86,74,7,0 to 104,47,656,498,7,1159,2,0,33,1006,32,206,2,205,954,1,1,1157,175,30,0,0,100,105,0,205,5,4,18,32,35,28,30,16,21,16,0,0 to 101,47,129,47,5,24,98,91,16,58,0,38,0,0,12,205,105,100,205,0,0,952,2,1160,954,205,12,281,65,3080878042.06929,290231.154940413,48
61,61,31,061,INDIAN RIVER,Indian River,FL,3035,36,37,169,283,287,391,553,632,416,219,12,0 to 105,60,1830,1170,35,2989,46,0,100,2789,77,207,56,104,2866,0,65,2926,80,13,9,2,44,49,0,93,0,1,6,10,8,14,16,23,16,10,0,8 to 96,64,63,8,16,6,7,71,15,46,6,25,3,0,9,104,56,48,93,11,0,2833,33,2970,2866,104,9,361,90,1319798862.49319,234087.653130679,64
62,62,6,011,BROWARD,Broward,FL,72585,690,932,4693,10749,11428,13302,13788,9435,4916,2499,153,0 to 119,50,39430,31564,1591,71400,1185,0,1413,67439,2336,5251,907,6201,66302,60,22,71321,4919,1130,130,22,3047,3000,2,6049,19,58,469,968,977,1169,1129,699,445,268,0,0 to 102,50,3006,2169,573,301,1965,3829,255,1998,63,1250,51,22,278,6201,3096,3103,6049,152,0,65272,1030,72563,66302,6201,278,789,450,3142374056.01305,291881.846057183,50
63,63,17,033,ESCAMBIA,Escambia,FL,12574,335,324,968,1615,1513,1745,2312,1960,1133,646,23,0 to 119,53,7490,5054,30,10869,1705,0,122,12103,183,573,61,682,11875,10,7,10852,521,56,105,0,333,244,0,577,5,8,62,67,97,80,110,99,95,59,0,0 to 105,57,268,204,16,89,12,414,151,78,0,59,0,0,20,682,285,397,577,105,0,10275,1600,12567,11875,682,20,129,54,1767890300.40206,439974.169549806,54
64,64,47,093,OKEECHOBEE,Okeechobee,FL,1066,17,21,121,129,109,146,158,125,132,103,5,0 to 100,54,643,407,16,1060,6,0,39,1003,2,57,7,34,1030,2,0,1058,21,12,1,0,17,16,0,33,0,2,9,7,2,5,4,3,1,1,0,6 to 87,34,26,3,0,4,8,20,5,3,0,5,1,0,0,34,17,17,33,1,0,1025,5,1066,1030,34,0,40,23,2307690905.70045,272539.677334045,56
65,65,19,037,FRANKLIN,Franklin,FL,225,1,3,12,17,11,25,51,66,36,3,0,3 to 87,63,113,111,1,224,1,0,8,217,0,5,3,2,223,0,0,224,0,1,1,0,1,0,0,1,0,0,0,1,0,0,1,0,0,0,0,25 to 60,42,1,0,0,0,0,1,0,0,0,0,0,0,0,2,0,2,1,1,0,223,0,225,223,2,0,3,2,1445840682.56789,446544.245992026,42
66,66,1,001,ALACHUA,Alachua,FL,10210,171,131,1083,1745,1411,1391,1707,1404,712,394,61,0 to 119,49,5868,4163,179,10008,202,0,167,9899,61,335,50,329,9874,7,0,10001,271,44,5,9,184,131,0,315,3,3,46,58,37,49,51,52,19,10,1,0 to 94,49,130,111,21,53,23,233,59,89,4,64,2,0,7,329,137,192,315,14,0,9686,188,10210,9874,329,7,76,55,2510756491.26947,272135.471452184,49
67,67,55,109,ST. JOHNS,St. Johns,FL,7709,105,173,497,795,1149,1281,1413,1259,684,340,13,0 to 119,53,4294,3294,121,7688,21,0,205,7256,208,311,117,231,7447,25,6,7657,178,43,7,3,112,109,0,221,2,5,17,21,25,51,53,40,13,4,0,2 to 97,53,174,14,14,19,15,179,27,57,3,37,3,0,5,231,115,116,221,10,0,7436,11,7703,7447,231,5,151,117,1658206648.51031,344848.248220385,53
68,999,999,999,Unknown,Unknown,FL,252,0,2,18,45,43,59,38,21,15,9,2,6 to 119,47,127,120,5,44,208,0,0,250,0,3,5,79,172,0,1,44,1,1,76,1,0,2,0,2,0,1,5,24,17,19,7,1,4,1,0,6 to 86,41,0,0,0,2,0,0,2,0,0,0,0,0,0,79,50,29,2,77,0,42,130,251,172,79,0,16,13,426757389.663452,73231.2921286601,36
